"word","sentiment","n"
"issues","negative",172
"love","positive",167
"pretty","positive",150
"bad","negative",148
"issue","negative",147
"hate","negative",142
"free","positive",138
"fine","positive",127
"support","positive",110
"top","positive",110
"wrong","negative",104
"shit","negative",99
"nice","positive",92
"worse","negative",92
"won","positive",90
"prefer","positive",88
"alarm","negative",84
"hard","negative",75
"crazy","negative",74
"annoying","negative",71
"lost","negative",71
"fuck","negative",70
"cool","positive",66
"super","positive",65
"correct","positive",64
"weird","negative",64
"expensive","negative",62
"worth","positive",62
"clean","positive",61
"damn","negative",59
"miss","negative",59
"stupid","negative",58
"bugs","negative",55
"cheaper","positive",55
"bug","negative",54
"fucking","negative",48
"lose","negative",48
"sucks","negative",48
"worst","negative",48
"cracked","negative",47
"scratches","negative",47
"cheap","negative",44
"swipe","negative",44
"terrible","negative",44
"perfect","positive",42
"wow","positive",42
"easy","positive",41
"slow","negative",41
"upgraded","positive",41
"blurry","negative",40
"lucky","positive",40
"amazing","positive",39
"damage","negative",39
"dumb","negative",38
"happy","positive",38
"fake","negative",37
"flaws","negative",37
"hell","negative",37
"intelligence","positive",37
"cloud","negative",36
"easier","positive",36
"fast","positive",36
"limit","negative",36
"dent","negative",35
"emergency","negative",35
"hot","positive",35
"dark","negative",32
"enjoy","positive",32
"funny","negative",32
"perfectly","positive",32
"break","negative",31
"broken","negative",31
"fun","positive",31
"crack","negative",30
"garbage","negative",30
"fair","positive",29
"glad","positive",29
"limits","negative",29
"mistake","negative",29
"insane","negative",28
"ugly","negative",28
"waste","negative",28
"protection","positive",27
"stuck","negative",26
"accurate","positive",25
"complain","negative",25
"disable","negative",25
"trump","positive",25
"crap","negative",24
"properly","positive",24
"risk","negative",24
"stolen","negative",24
"complaining","negative",23
"cracks","negative",23
"decent","positive",23
"protect","positive",23
"recovery","positive",23
"soft","positive",23
"solid","positive",23
"useless","negative",23
"difficult","negative",22
"usable","positive",22
"correctly","positive",21
"dents","negative",21
"excited","positive",21
"fault","negative",21
"missed","negative",21
"scratch","negative",21
"win","positive",21
"convenient","positive",20
"damaged","negative",20
"faster","positive",20
"lack","negative",20
"mess","negative",20
"trust","positive",20
"afford","positive",19
"breaking","negative",19
"frustrating","negative",19
"horrible","negative",19
"incredibly","positive",19
"smart","positive",19
"trash","negative",19
"bother","negative",18
"concerns","negative",18
"fairly","positive",18
"impossible","negative",18
"loved","positive",18
"ready","positive",18
"ridiculous","negative",18
"supported","positive",18
"unusable","negative",18
"wild","negative",18
"worry","negative",18
"broke","negative",17
"discord","negative",17
"drunk","negative",17
"improve","positive",17
"poor","negative",17
"reliable","positive",17
"safe","positive",17
"significant","positive",17
"stable","positive",17
"awesome","positive",16
"breaks","negative",16
"disabled","negative",16
"modern","positive",16
"randomly","negative",16
"tired","negative",16
"unlimited","positive",16
"awful","negative",15
"buggy","negative",15
"dead","negative",15
"doubt","negative",15
"durable","positive",15
"dust","negative",15
"holy","positive",15
"loss","negative",15
"loud","negative",15
"luck","positive",15
"odd","negative",15
"proper","positive",15
"pros","positive",15
"sensitive","positive",15
"weak","negative",15
"benefit","positive",14
"bs","negative",14
"bullshit","negative",14
"bump","negative",14
"complaints","negative",14
"favorite","positive",14
"freezes","negative",14
"gross","negative",14
"hated","negative",14
"joke","negative",14
"limited","negative",14
"popular","positive",14
"recommend","positive",14
"sad","negative",14
"smooth","positive",14
"unnecessary","negative",14
"confused","negative",13
"efficient","positive",13
"fragile","negative",13
"handy","positive",13
"hates","negative",13
"honest","positive",13
"improved","positive",13
"improvements","positive",13
"losing","negative",13
"nonsense","negative",13
"pain","negative",13
"refuse","negative",13
"split","negative",13
"stainless","positive",13
"strong","positive",13
"suck","negative",13
"cleaner","positive",12
"effective","positive",12
"failed","negative",12
"genius","positive",12
"ignore","negative",12
"magic","positive",12
"regret","negative",12
"scratched","negative",12
"shame","negative",12
"tough","positive",12
"warm","positive",12
"advantage","positive",11
"annoyed","negative",11
"appeal","positive",11
"bent","negative",11
"blur","negative",11
"bothered","negative",11
"bulky","negative",11
"classic","positive",11
"compatible","positive",11
"dented","negative",11
"die","negative",11
"dynamic","positive",11
"false","negative",11
"gold","positive",11
"hassle","negative",11
"intuitive","positive",11
"lag","negative",11
"ruined","negative",11
"sharp","positive",11
"silent","positive",11
"slower","negative",11
"strange","negative",11
"warning","negative",11
"benefits","positive",10
"clash","negative",10
"comfortable","positive",10
"drag","negative",10
"fall","negative",10
"glitch","negative",10
"glitches","negative",10
"killing","negative",10
"likes","positive",10
"messed","negative",10
"mistakes","negative",10
"refresh","positive",10
"respect","positive",10
"revert","negative",10
"rumors","negative",10
"supporting","positive",10
"awkward","negative",9
"beautiful","positive",9
"blame","negative",9
"cute","positive",9
"disgusting","negative",9
"downgrade","negative",9
"erase","negative",9
"error","negative",9
"fail","negative",9
"genuine","positive",9
"helped","positive",9
"hilarious","positive",9
"ironically","negative",9
"laggy","negative",9
"lead","positive",9
"lie","negative",9
"negative","negative",9
"noise","negative",9
"secure","positive",9
"softer","positive",9
"stole","negative",9
"supports","positive",9
"trick","negative",9
"ugh","negative",9
"wise","positive",9
"badly","negative",8
"bored","negative",8
"boring","negative",8
"clunky","negative",8
"compact","positive",8
"concern","negative",8
"convenience","positive",8
"dedicated","positive",8
"dislike","negative",8
"dump","negative",8
"dying","negative",8
"falls","negative",8
"fantastic","positive",8
"fat","negative",8
"harm","negative",8
"ideal","positive",8
"impressed","positive",8
"impressive","positive",8
"infuriating","negative",8
"innovation","positive",8
"nightmare","negative",8
"portable","positive",8
"restriction","negative",8
"rip","negative",8
"ruin","negative",8
"rumor","negative",8
"severe","negative",8
"sick","negative",8
"stealing","negative",8
"superior","positive",8
"thinner","positive",8
"twisted","negative",8
"upset","negative",8
"vibrate","negative",8
"worried","negative",8
"bright","positive",7
"burn","negative",7
"cheapest","positive",7
"complaint","negative",7
"concerned","negative",7
"crappy","negative",7
"cry","negative",7
"defect","negative",7
"delay","negative",7
"dirty","negative",7
"disappointing","negative",7
"discontinued","negative",7
"falling","negative",7
"favor","positive",7
"favour","positive",7
"fell","negative",7
"helpful","positive",7
"horrendous","negative",7
"improvement","positive",7
"incorrect","negative",7
"instantly","positive",7
"insults","negative",7
"junk","negative",7
"lazy","negative",7
"liking","positive",7
"lying","negative",7
"prompt","positive",7
"pure","positive",7
"rage","negative",7
"regrets","negative",7
"reliably","positive",7
"savvy","positive",7
"shiny","positive",7
"shocked","negative",7
"slowly","negative",7
"sucked","negative",7
"unclear","negative",7
"absurd","negative",6
"angry","negative",6
"bait","negative",6
"bitch","negative",6
"blah","negative",6
"bless","positive",6
"bloody","negative",6
"boycott","negative",6
"calm","positive",6
"capable","positive",6
"clumsy","negative",6
"confusing","negative",6
"death","negative",6
"degradation","negative",6
"dirt","negative",6
"disagree","negative",6
"discrimination","negative",6
"drain","negative",6
"ease","positive",6
"effectively","positive",6
"exciting","positive",6
"failure","negative",6
"fear","negative",6
"flaw","negative",6
"friendly","positive",6
"gain","positive",6
"greed","negative",6
"hang","negative",6
"hating","negative",6
"incredible","positive",6
"kill","negative",6
"killer","negative",6
"leak","negative",6
"marginal","negative",6
"master","positive",6
"messy","negative",6
"peace","positive",6
"positive","positive",6
"powerful","positive",6
"reasonable","positive",6
"resistance","negative",6
"rude","negative",6
"sadly","negative",6
"savings","positive",6
"silly","negative",6
"success","positive",6
"thicker","negative",6
"trouble","negative",6
"uncomfortable","negative",6
"unstable","negative",6
"valuable","positive",6
"wasted","negative",6
"whoa","positive",6
"accurately","positive",5
"addicted","negative",5
"advanced","positive",5
"afraid","negative",5
"attack","negative",5
"attacks","negative",5
"beauty","positive",5
"blurred","negative",5
"boost","positive",5
"bothers","negative",5
"brilliant","positive",5
"clearer","positive",5
"complained","negative",5
"complains","negative",5
"consistently","positive",5
"critical","negative",5
"delusional","negative",5
"enhanced","positive",5
"evil","negative",5
"excellent","positive",5
"fancy","positive",5
"freedom","positive",5
"freezing","negative",5
"gentle","positive",5
"gimmick","negative",5
"grind","negative",5
"guarantee","positive",5
"heck","negative",5
"idiots","negative",5
"inconsistent","negative",5
"insanely","negative",5
"integrated","positive",5
"kills","negative",5
"lighter","positive",5
"louder","negative",5
"loves","positive",5
"mad","negative",5
"nervous","negative",5
"nicely","positive",5
"object","negative",5
"pan","negative",5
"pleasant","positive",5
"poorly","negative",5
"proven","positive",5
"readable","positive",5
"recommendations","positive",5
"refund","positive",5
"restored","positive",5
"rich","positive",5
"sharper","positive",5
"smash","negative",5
"steal","negative",5
"sticky","negative",5
"struggle","negative",5
"suspect","negative",5
"sweet","positive",5
"terribly","negative",5
"unable","negative",5
"unavailable","negative",5
"unemployed","negative",5
"unsupported","negative",5
"wasting","negative",5
"wildly","negative",5
"wound","negative",5
"abuse","negative",4
"advantages","positive",4
"aggressive","negative",4
"annoys","negative",4
"appealing","positive",4
"arbitrary","negative",4
"atrocious","negative",4
"award","positive",4
"bizarre","negative",4
"blow","negative",4
"charm","positive",4
"cold","negative",4
"complex","negative",4
"convoluted","negative",4
"crashing","negative",4
"delayed","negative",4
"demon","negative",4
"destroy","negative",4
"dick","negative",4
"dies","negative",4
"dings","negative",4
"downhill","negative",4
"easiest","positive",4
"encourage","positive",4
"enthusiast","positive",4
"excuse","negative",4
"fails","negative",4
"fallen","negative",4
"fans","positive",4
"fascist","negative",4
"feasible","positive",4
"flawless","positive",4
"flawlessly","positive",4
"flexibility","positive",4
"freaking","negative",4
"fresh","positive",4
"frustratingly","negative",4
"ftw","positive",4
"grand","positive",4
"headache","negative",4
"hideous","negative",4
"honor","positive",4
"hurt","negative",4
"hype","negative",4
"idiot","negative",4
"inevitable","negative",4
"irrelevant","negative",4
"knock","negative",4
"lean","positive",4
"limitation","negative",4
"logical","positive",4
"lovely","positive",4
"narrower","negative",4
"nasty","negative",4
"oddly","negative",4
"overblown","negative",4
"overpriced","negative",4
"overwhelming","negative",4
"paranoid","negative",4
"plot","negative",4
"pointless","negative",4
"preferably","positive",4
"productive","positive",4
"progress","positive",4
"promised","positive",4
"recommendation","positive",4
"regretted","negative",4
"risks","negative",4
"ruins","negative",4
"scam","negative",4
"scared","negative",4
"screwed","negative",4
"simpler","positive",4
"sketchy","negative",4
"slap","negative",4
"slave","negative",4
"steep","negative",4
"stranger","negative",4
"stress","negative",4
"successfully","positive",4
"suffer","negative",4
"transparent","positive",4
"twist","negative",4
"unfortunate","negative",4
"unknown","negative",4
"variety","positive",4
"vice","negative",4
"wasteful","negative",4
"weirdly","negative",4
"wonderful","positive",4
"worries","negative",4
"accessible","positive",3
"addicting","negative",3
"adequate","positive",3
"amazed","positive",3
"annoyance","negative",3
"attractive","positive",3
"bonus","positive",3
"boom","positive",3
"bothering","negative",3
"brute","negative",3
"burned","negative",3
"cheats","negative",3
"chunky","negative",3
"colorful","positive",3
"comfortably","positive",3
"confusion","negative",3
"consistent","positive",3
"crash","negative",3
"creepy","negative",3
"crisp","positive",3
"criticism","negative",3
"crush","negative",3
"damages","negative",3
"damaging","negative",3
"damned","negative",3
"debt","negative",3
"decline","negative",3
"defective","negative",3
"defects","negative",3
"desperately","negative",3
"died","negative",3
"disappointed","negative",3
"distinction","positive",3
"disturb","negative",3
"downcast","negative",3
"downside","negative",3
"drastically","negative",3
"dumped","negative",3
"eager","positive",3
"errors","negative",3
"failures","negative",3
"faith","positive",3
"famous","positive",3
"fastest","positive",3
"faulty","negative",3
"flawed","negative",3
"flexible","positive",3
"fool","negative",3
"fortunately","positive",3
"freak","negative",3
"friction","negative",3
"frozen","negative",3
"furious","negative",3
"fuss","negative",3
"gibberish","negative",3
"gladly","positive",3
"gracefully","positive",3
"headaches","negative",3
"horrifying","negative",3
"hurts","negative",3
"ignorant","negative",3
"illegal","negative",3
"impractical","negative",3
"improves","positive",3
"inappropriate","negative",3
"inconsistency","negative",3
"incorrectly","negative",3
"inevitably","negative",3
"inferior","negative",3
"insult","negative",3
"irony","negative",3
"irritating","negative",3
"jam","negative",3
"jealous","negative",3
"joy","positive",3
"lacking","negative",3
"leading","positive",3
"leaks","negative",3
"led","positive",3
"liability","negative",3
"lies","negative",3
"limitations","negative",3
"loathe","negative",3
"loses","negative",3
"loving","positive",3
"maddening","negative",3
"marginally","negative",3
"matte","negative",3
"mature","positive",3
"meaningless","negative",3
"misses","negative",3
"mistaken","negative",3
"neat","positive",3
"nicer","positive",3
"obsolete","negative",3
"offensive","negative",3
"optimal","positive",3
"optimistic","positive",3
"panic","negative",3
"passion","positive",3
"pathetic","negative",3
"prefers","positive",3
"pretend","negative",3
"pricey","negative",3
"problematic","negative",3
"promise","positive",3
"proves","positive",3
"punch","negative",3
"qualify","positive",3
"questionable","negative",3
"quicker","positive",3
"recommended","positive",3
"recover","positive",3
"refreshing","positive",3
"regard","positive",3
"restricted","negative",3
"revolutionary","positive",3
"rightful","positive",3
"rival","negative",3
"rumours","negative",3
"safely","positive",3
"sarcasm","negative",3
"sarcastic","negative",3
"satisfying","positive",3
"scary","negative",3
"scuffs","negative",3
"seamless","positive",3
"shock","negative",3
"shocking","negative",3
"skeptical","negative",3
"stability","positive",3
"steady","positive",3
"strict","negative",3
"stronger","positive",3
"struggling","negative",3
"successful","positive",3
"tank","negative",3
"temper","negative",3
"tougher","positive",3
"toxic","negative",3
"trap","negative",3
"unreliable","negative",3
"unresponsive","negative",3
"unsure","negative",3
"unwieldy","negative",3
"useable","positive",3
"wealthy","positive",3
"whining","negative",3
"winning","positive",3
"worthwhile","positive",3
"zap","negative",3
"abysmal","negative",2
"abysmally","negative",2
"accidental","negative",2
"accuse","negative",2
"annoy","negative",2
"anxiety","negative",2
"approval","positive",2
"astounding","positive",2
"awe","positive",2
"bane","negative",2
"beg","negative",2
"begging","negative",2
"beneficial","positive",2
"bias","negative",2
"biased","negative",2
"bleeding","negative",2
"blessing","positive",2
"blind","negative",2
"bloated","negative",2
"bonkers","negative",2
"brave","positive",2
"bravo","positive",2
"brighter","positive",2
"bristle","negative",2
"bumps","negative",2
"calming","positive",2
"cannibalize","negative",2
"careless","negative",2
"cashback","positive",2
"cheaply","negative",2
"chill","negative",2
"choppy","negative",2
"cleared","positive",2
"clever","positive",2
"clogged","negative",2
"coerce","negative",2
"commitment","positive",2
"competitive","positive",2
"compliant","positive",2
"complicated","negative",2
"complicit","negative",2
"confidence","positive",2
"confident","positive",2
"conspiracy","negative",2
"contribution","positive",2
"controversy","negative",2
"cramped","negative",2
"crashed","negative",2
"creative","positive",2
"crime","negative",2
"criticize","negative",2
"crushing","negative",2
"defy","negative",2
"degenerate","negative",2
"degrade","negative",2
"delays","negative",2
"demonic","negative",2
"denied","negative",2
"deny","negative",2
"desert","negative",2
"despise","negative",2
"dilemma","negative",2
"disaster","negative",2
"distracting","negative",2
"doomed","negative",2
"dope","negative",2
"doubtful","negative",2
"downsides","negative",2
"dragging","negative",2
"drained","negative",2
"draining","negative",2
"enemies","negative",2
"enhance","positive",2
"enjoying","positive",2
"enlighten","positive",2
"envy","positive",2
"expired","negative",2
"failing","negative",2
"fallacy","negative",2
"favorable","positive",2
"favored","positive",2
"fidget","negative",2
"filthy","negative",2
"flair","negative",2
"flairs","negative",2
"flimsy","negative",2
"foolish","negative",2
"forbid","negative",2
"forsaken","negative",2
"foul","negative",2
"freeze","negative",2
"friggin","negative",2
"futuristic","positive",2
"ghosting","negative",2
"gifted","positive",2
"glare","negative",2
"grainy","negative",2
"grateful","positive",2
"greasy","negative",2
"gripe","negative",2
"groundbreaking","positive",2
"hack","negative",2
"happier","positive",2
"happily","positive",2
"harassment","negative",2
"harsh","negative",2
"haters","negative",2
"hinder","negative",2
"hindrance","negative",2
"hopeful","positive",2
"horrid","negative",2
"hurting","negative",2
"ignorance","negative",2
"illogical","negative",2
"improving","positive",2
"inaccuracies","negative",2
"inaccurate","negative",2
"incompetent","negative",2
"inconvenience","negative",2
"injury","negative",2
"innovative","positive",2
"intelligent","positive",2
"invasive","negative",2
"irritated","negative",2
"isolated","negative",2
"killed","negative",2
"lagging","negative",2
"lags","negative",2
"lame","negative",2
"leads","positive",2
"loneliness","negative",2
"loose","negative",2
"losers","negative",2
"lousy","negative",2
"loyal","positive",2
"loyalty","positive",2
"luxury","positive",2
"marvel","positive",2
"meaningful","positive",2
"messing","negative",2
"miserable","negative",2
"misery","negative",2
"mistakenly","negative",2
"monster","negative",2
"moot","negative",2
"moron","negative",2
"mystery","negative",2
"needless","negative",2
"negativity","negative",2
"nitpicking","negative",2
"notably","positive",2
"obnoxious","negative",2
"offend","negative",2
"overheat","negative",2
"painful","negative",2
"painfully","negative",2
"patient","positive",2
"peeve","negative",2
"phenomenal","positive",2
"picky","negative",2
"pig","negative",2
"pleasantly","positive",2
"pleased","positive",2
"preferable","positive",2
"preferring","positive",2
"priceless","positive",2
"pride","positive",2
"privilege","positive",2
"promises","positive",2
"promising","positive",2
"propaganda","negative",2
"proprietary","negative",2
"protective","positive",2
"quiet","positive",2
"rape","negative",2
"redundancy","negative",2
"redundant","negative",2
"refuses","negative",2
"rejecting","negative",2
"replaceable","positive",2
"reputable","positive",2
"restrict","negative",2
"richer","positive",2
"ridiculously","negative",2
"rift","negative",2
"rightfully","positive",2
"rogue","negative",2
"rubbish","negative",2
"ruining","negative",2
"sack","negative",2
"scummy","negative",2
"shake","negative",2
"shatter","negative",2
"simplified","positive",2
"sin","negative",2
"sink","negative",2
"skill","positive",2
"skinny","negative",2
"slack","negative",2
"slick","positive",2
"sluggish","negative",2
"smack","negative",2
"snagged","negative",2
"soapy","negative",2
"spendy","negative",2
"spotty","negative",2
"streamlined","positive",2
"striking","positive",2
"strongest","positive",2
"struggles","negative",2
"stupidity","negative",2
"sturdy","positive",2
"stutter","negative",2
"subsidized","positive",2
"sufficient","positive",2
"survival","positive",2
"taxing","negative",2
"tension","negative",2
"thrilled","positive",2
"timely","positive",2
"touchy","negative",2
"trapped","negative",2
"trusted","positive",2
"undamaged","positive",2
"understandable","positive",2
"unexpected","negative",2
"unlucky","negative",2
"unpredictable","negative",2
"unsustainable","negative",2
"unwanted","negative",2
"urgent","negative",2
"vague","negative",2
"vibration","negative",2
"warned","negative",2
"whine","negative",2
"willingly","positive",2
"wins","positive",2
"wobbles","negative",2
"wonders","positive",2
"worn","negative",2
"worrying","negative",2
"worthless","negative",2
"abnormal","negative",1
"abomination","negative",1
"abundance","positive",1
"abundant","positive",1
"abused","negative",1
"accomplishment","positive",1
"achievements","positive",1
"adamant","negative",1
"addict","negative",1
"admirable","positive",1
"admire","positive",1
"admiring","positive",1
"adorable","positive",1
"affection","positive",1
"agonizing","negative",1
"alarming","negative",1
"amazingly","positive",1
"anger","negative",1
"annoyances","negative",1
"annoyingly","negative",1
"anxious","negative",1
"anxiously","negative",1
"apologist","negative",1
"apologists","negative",1
"appalling","negative",1
"appreciated","positive",1
"approve","positive",1
"argumentative","negative",1
"asinine","negative",1
"aspire","positive",1
"assurance","positive",1
"aversion","negative",1
"backbone","positive",1
"backward","negative",1
"baffle","negative",1
"baffled","negative",1
"baffling","negative",1
"balanced","positive",1
"bargain","positive",1
"bashing","negative",1
"bastard","negative",1
"bearish","negative",1
"beloved","positive",1
"bigotry","negative",1
"bitter","negative",1
"bland","negative",1
"blemish","negative",1
"boggle","negative",1
"bomb","negative",1
"booming","positive",1
"boredom","negative",1
"bravery","positive",1
"brazenly","negative",1
"breakdown","negative",1
"breakthrough","positive",1
"bribery","negative",1
"brutal","negative",1
"buckle","negative",1
"bully","negative",1
"bum","negative",1
"bumped","negative",1
"bumping","negative",1
"burning","negative",1
"butcher","negative",1
"capability","positive",1
"capitulate","negative",1
"cartoonish","negative",1
"catastrophic","negative",1
"champ","positive",1
"chatter","negative",1
"cleanest","positive",1
"cleanly","positive",1
"clears","positive",1
"cloudy","negative",1
"clueless","negative",1
"coercion","negative",1
"collapse","negative",1
"comfort","positive",1
"comfy","positive",1
"complacent","negative",1
"complement","positive",1
"comprehensive","positive",1
"condescending","negative",1
"conflicted","negative",1
"conflicting","negative",1
"congested","negative",1
"congratulate","positive",1
"conspiracies","negative",1
"constructive","positive",1
"contamination","negative",1
"continuity","positive",1
"controversial","negative",1
"conveniently","positive",1
"coolest","positive",1
"corrupts","negative",1
"craps","negative",1
"crashes","negative",1
"criminal","negative",1
"cringe","negative",1
"cripple","negative",1
"crippled","negative",1
"crisis","negative",1
"crook","negative",1
"crowded","negative",1
"cunt","negative",1
"danger","negative",1
"dangerous","negative",1
"daring","positive",1
"dawn","positive",1
"debacle","negative",1
"decisive","positive",1
"declines","negative",1
"defeated","positive",1
"defeats","positive",1
"defender","positive",1
"delaying","negative",1
"delight","positive",1
"delirious","negative",1
"delusion","negative",1
"dense","negative",1
"despicable","negative",1
"destiny","positive",1
"destruction","negative",1
"deter","negative",1
"deteriorate","negative",1
"detriment","negative",1
"devastated","negative",1
"devil","negative",1
"difficulty","negative",1
"ding","negative",1
"dire","negative",1
"disadvantage","negative",1
"disadvantages","negative",1
"disappoint","negative",1
"disappointment","negative",1
"disbelief","negative",1
"discomfort","negative",1
"disinterested","negative",1
"disorder","negative",1
"disregard","negative",1
"disrespectful","negative",1
"disruption","negative",1
"dissatisfied","negative",1
"distort","negative",1
"distorted","negative",1
"distortion","negative",1
"distorts","negative",1
"distraction","negative",1
"distrust","negative",1
"disturbing","negative",1
"dominated","positive",1
"doom","negative",1
"doubtfully","negative",1
"downfall","negative",1
"dragged","negative",1
"drunken","negative",1
"dull","negative",1
"dumping","negative",1
"dumps","negative",1
"dungeon","negative",1
"dupe","negative",1
"dusty","negative",1
"dwindling","negative",1
"earnest","positive",1
"economical","positive",1
"embarrassing","negative",1
"embarrassingly","negative",1
"embarrassment","negative",1
"encouraging","positive",1
"endearing","positive",1
"endorse","positive",1
"enhancement","positive",1
"enjoyable","positive",1
"enjoyed","positive",1
"enjoyment","positive",1
"enjoys","positive",1
"entice","positive",1
"envious","negative",1
"envious","positive",1
"errant","negative",1
"ethical","positive",1
"evils","negative",1
"exaggeration","negative",1
"exceedingly","positive",1
"exceeds","positive",1
"exhausted","negative",1
"expansive","positive",1
"exploit","negative",1
"exploitation","negative",1
"exterminate","negative",1
"extremists","negative",1
"eyesore","negative",1
"facetious","negative",1
"fairness","positive",1
"fallout","negative",1
"falsely","negative",1
"fascination","positive",1
"fascism","negative",1
"fatal","negative",1
"fatigued","negative",1
"fav","positive",1
"fave","positive",1
"fever","negative",1
"finer","positive",1
"flabbergasted","negative",1
"flagging","negative",1
"flaky","negative",1
"forbidden","negative",1
"forbidding","negative",1
"foremost","positive",1
"forfeit","negative",1
"forged","negative",1
"fortune","positive",1
"fragmented","negative",1
"fraud","negative",1
"fraudulent","negative",1
"freaks","negative",1
"fret","negative",1
"frustrated","negative",1
"frustration","negative",1
"fumble","negative",1
"funnily","negative",1
"fuzzy","negative",1
"gains","positive",1
"glorious","positive",1
"glowing","positive",1
"glut","negative",1
"godsend","positive",1
"golden","positive",1
"goodness","positive",1
"goofy","negative",1
"gorgeous","positive",1
"graciously","positive",1
"grapple","negative",1
"greedy","negative",1
"grief","negative",1
"grim","negative",1
"grin","positive",1
"guidance","positive",1
"guilty","negative",1
"gullible","negative",1
"handily","positive",1
"harassed","negative",1
"harmful","negative",1
"harms","negative",1
"hassles","negative",1
"hater","negative",1
"hatred","negative",1
"hazard","negative",1
"heal","positive",1
"heaven","positive",1
"helping","positive",1
"hero","positive",1
"hesitant","negative",1
"hissing","negative",1
"hoax","negative",1
"honored","positive",1
"horrific","negative",1
"hotcakes","positive",1
"hubris","negative",1
"hug","positive",1
"hung","negative",1
"hypocritical","negative",1
"ideally","positive",1
"idiotic","negative",1
"illiterate","negative",1
"immaculate","positive",1
"immovable","negative",1
"impaired","negative",1
"impeccable","positive",1
"impede","negative",1
"imposing","negative",1
"inability","negative",1
"inactive","negative",1
"incapable","negative",1
"inclement","negative",1
"incompatible","negative",1
"indifferent","negative",1
"indistinguishable","negative",1
"inefficient","negative",1
"inexpensive","positive",1
"infected","negative",1
"infection","negative",1
"ingenious","positive",1
"inspiration","positive",1
"inspire","positive",1
"instability","negative",1
"insulting","negative",1
"intelligible","positive",1
"intense","negative",1
"intimate","positive",1
"invalid","negative",1
"invalidate","negative",1
"invaluable","positive",1
"irrational","negative",1
"irrationally","negative",1
"irreplaceable","positive",1
"irritate","negative",1
"irritation","negative",1
"itch","negative",1
"itching","negative",1
"jarring","negative",1
"kaput","negative",1
"keen","positive",1
"kindness","positive",1
"lacked","negative",1
"lacks","negative",1
"laughable","negative",1
"leaking","negative",1
"leery","negative",1
"lemon","negative",1
"lied","negative",1
"lifesaver","positive",1
"longing","negative",1
"loophole","negative",1
"loopholes","negative",1
"loser","negative",1
"lucid","positive",1
"lukewarm","negative",1
"magical","positive",1
"malicious","negative",1
"mangled","negative",1
"manipulate","negative",1
"mar","negative",1
"mastery","positive",1
"measly","negative",1
"meddle","negative",1
"meltdown","negative",1
"memorable","positive",1
"mighty","positive",1
"mindless","negative",1
"miracle","positive",1
"misaligned","negative",1
"miserably","negative",1
"mishap","negative",1
"mislead","negative",1
"misleading","negative",1
"misread","negative",1
"misunderstand","negative",1
"misunderstood","negative",1
"morality","positive",1
"morbid","negative",1
"motivated","positive",1
"murder","negative",1
"myth","negative",1
"nagging","negative",1
"neglect","negative",1
"neurotic","negative",1
"nifty","positive",1
"nitpick","negative",1
"noisy","negative",1
"nosey","negative",1
"noteworthy","positive",1
"notoriously","negative",1
"novelty","positive",1
"nuisance","negative",1
"oblivious","negative",1
"obnoxiously","negative",1
"obscene","negative",1
"obscure","negative",1
"obsess","negative",1
"obsessive","negative",1
"obstructed","negative",1
"obtrusive","negative",1
"oddities","negative",1
"offending","negative",1
"oppose","negative",1
"outraged","negative",1
"ovation","positive",1
"overdue","negative",1
"overreach","negative",1
"oversights","negative",1
"overwhelm","negative",1
"overwhelmingly","negative",1
"pale","negative",1
"pales","negative",1
"pandering","negative",1
"pardon","positive",1
"passionate","positive",1
"patience","positive",1
"patriot","positive",1
"pedantic","negative",1
"peeled","negative",1
"peeved","negative",1
"penalty","negative",1
"perfection","positive",1
"personalized","positive",1
"petty","negative",1
"phobic","negative",1
"pigs","negative",1
"pity","negative",1
"plague","negative",1
"pleasing","positive",1
"pleasurable","positive",1
"pleasure","positive",1
"poison","negative",1
"polished","positive",1
"poorer","negative",1
"praise","positive",1
"precious","positive",1
"prestige","positive",1
"pretence","negative",1
"pretentious","negative",1
"primitive","negative",1
"privileged","positive",1
"procrastination","negative",1
"promptly","positive",1
"protest","negative",1
"protesting","negative",1
"proud","positive",1
"proving","positive",1
"prudent","positive",1
"racists","negative",1
"raging","negative",1
"rant","negative",1
"rational","positive",1
"raving","negative",1
"reachable","positive",1
"reassure","positive",1
"rebellious","negative",1
"recoil","negative",1
"refine","positive",1
"refinement","positive",1
"refused","negative",1
"regress","negative",1
"regression","negative",1
"reject","negative",1
"reluctant","negative",1
"reputation","positive",1
"resignation","negative",1
"resigned","negative",1
"resourceful","positive",1
"respectful","positive",1
"retarded","negative",1
"revelation","positive",1
"revenge","negative",1
"revival","positive",1
"revolting","negative",1
"revolutionize","positive",1
"risky","negative",1
"rivalry","negative",1
"robust","positive",1
"rockstar","positive",1
"rough","negative",1
"rust","negative",1
"saint","positive",1
"salute","positive",1
"satisfies","positive",1
"satisfy","positive",1
"saver","positive",1
"savior","positive",1
"scams","negative",1
"sceptical","negative",1
"scream","negative",1
"scuff","negative",1
"seasoned","positive",1
"selective","positive",1
"sensation","positive",1
"senseless","negative",1
"setback","negative",1
"shaky","negative",1
"shallow","negative",1
"shortness","negative",1
"shrug","negative",1
"sincerely","positive",1
"slashing","negative",1
"slog","negative",1
"sloppy","negative",1
"slowed","negative",1
"sly","negative",1
"smarter","positive",1
"smartest","positive",1
"smear","negative",1
"smile","positive",1
"smiles","positive",1
"smudge","negative",1
"smudged","negative",1
"smudges","negative",1
"smug","negative",1
"snarky","negative",1
"sneak","negative",1
"sneaky","negative",1
"sob","negative",1
"sober","negative",1
"sobering","negative",1
"spewing","negative",1
"splitting","negative",1
"stagnant","negative",1
"stagnation","negative",1
"stale","negative",1
"stall","negative",1
"steals","negative",1
"stimulating","positive",1
"stingy","negative",1
"stinks","negative",1
"strain","negative",1
"straining","negative",1
"strangely","negative",1
"strangest","negative",1
"stresses","negative",1
"strictly","negative",1
"stringent","negative",1
"struggled","negative",1
"stubborn","negative",1
"stunned","positive",1
"stunning","positive",1
"stupidly","negative",1
"stutters","negative",1
"substandard","negative",1
"substantive","positive",1
"succeed","positive",1
"successes","positive",1
"sucker","negative",1
"suffered","negative",1
"suffice","positive",1
"suicide","negative",1
"suitable","positive",1
"superficial","negative",1
"suppression","negative",1
"survivor","positive",1
"susceptible","negative",1
"sweaty","negative",1
"symptoms","negative",1
"syndrome","negative",1
"talent","positive",1
"tedious","negative",1
"temptation","negative",1
"tempting","positive",1
"thankful","positive",1
"threat","negative",1
"threats","negative",1
"thrift","positive",1
"tops","positive",1
"tout","negative",1
"treasure","positive",1
"trivial","negative",1
"trophy","positive",1
"troubles","negative",1
"troublesome","negative",1
"trusting","positive",1
"trusty","positive",1
"tyrannical","negative",1
"ugliest","negative",1
"unbearable","negative",1
"unbelievable","negative",1
"unbelievably","negative",1
"uncontrolled","negative",1
"underestimate","negative",1
"undersized","negative",1
"undid","negative",1
"undone","negative",1
"undue","negative",1
"unethical","negative",1
"uneven","negative",1
"uneventful","negative",1
"unfounded","negative",1
"unhappy","negative",1
"unhealthy","negative",1
"unhelpful","negative",1
"unimportant","negative",1
"unintelligible","negative",1
"unleash","negative",1
"unmatched","positive",1
"unnatural","negative",1
"unnerving","negative",1
"unnoticed","negative",1
"unpleasant","negative",1
"unproven","negative",1
"unreadable","negative",1
"unreasonable","negative",1
"unreasonably","negative",1
"unscrupulous","negative",1
"unsuccessful","negative",1
"untouched","negative",1
"untrue","negative",1
"unuseable","negative",1
"unusual","negative",1
"unwilling","negative",1
"unwillingly","negative",1
"uplift","positive",1
"uproariously","negative",1
"utterly","negative",1
"vain","negative",1
"vanity","negative",1
"vent","negative",1
"vibrating","negative",1
"viewable","positive",1
"vomit","negative",1
"vomiting","negative",1
"vouch","positive",1
"warmer","positive",1
"warp","negative",1
"weaken","negative",1
"weakness","negative",1
"wobble","negative",1
"woefully","negative",1
"woo","positive",1
"workable","positive",1
"worrisome","negative",1
"worsening","negative",1
"worthy","positive",1
"wrath","negative",1
"wrongly","negative",1
"yay","positive",1
